TIMING,GRID_NUM,TYPE,NOTE_TYPE,ANGLE,EVENT_NAME,DURATION,EVENT_TYPE,VALUE0,VALUE1,VALUE2,VALUE3,VALUE4
5676,336,0,0,0,-1,-1,-1,-1,-1,-1,-1,-1
5676,336,1,3,90,6,0.125,0,1,90,3,1,1
6351,376,0,0,30,-1,-1,-1,-1,-1,-1,-1,-1
6486,384,0,0,45,-1,-1,-1,-1,-1,-1,-1,-1
6622,392,0,0,60,-1,-1,-1,-1,-1,-1,-1,-1
6757,400,0,0,75,-1,-1,-1,-1,-1,-1,-1,-1
7162,424,0,0,90,-1,-1,-1,-1,-1,-1,-1,-1
7568,448,0,0,90,-1,-1,-1,-1,-1,-1,-1,-1
7838,464,0,0,90,-1,-1,-1,-1,-1,-1,-1,-1
8243,488,0,0,90,-1,-1,-1,-1,-1,-1,-1,-1
8649,512,0,0,90,-1,-1,-1,-1,-1,-1,-1,-1
9459,560,0,0,60,-1,-1,-1,-1,-1,-1,-1,-1
9730,576,0,0,30,-1,-1,-1,-1,-1,-1,-1,-1
10000,592,0,0,0,-1,-1,-1,-1,-1,-1,-1,-1
10676,632,0,0,-30,-1,-1,-1,-1,-1,-1,-1,-1
10811,640,0,0,-45,-1,-1,-1,-1,-1,-1,-1,-1
10946,648,0,0,-60,-1,-1,-1,-1,-1,-1,-1,-1
11081,656,0,0,-70,-1,-1,-1,-1,-1,-1,-1,-1
11486,680,0,0,-90,-1,-1,-1,-1,-1,-1,-1,-1
11892,704,0,0,-90,-1,-1,-1,-1,-1,-1,-1,-1
12162,720,0,0,-90,-1,-1,-1,-1,-1,-1,-1,-1
12568,744,0,0,-90,-1,-1,-1,-1,-1,-1,-1,-1
12973,768,0,0,-90,-1,-1,-1,-1,-1,-1,-1,-1
13784,816,0,0,90,-1,-1,-1,-1,-1,-1,-1,-1
14054,832,0,0,90,-1,-1,-1,-1,-1,-1,-1,-1
14324,848,0,0,0,-1,-1,-1,-1,-1,-1,-1,-1
14392,852,0,0,0,-1,-1,-1,-1,-1,-1,-1,-1
14730,872,0,0,90,-1,-1,-1,-1,-1,-1,-1,-1
15000,888,0,0,180,-1,-1,-1,-1,-1,-1,-1,-1
15068,892,0,0,180,-1,-1,-1,-1,-1,-1,-1,-1
15946,944,0,0,-90,-1,-1,-1,-1,-1,-1,-1,-1
16081,952,0,0,-90,-1,-1,-1,-1,-1,-1,-1,-1
16216,960,0,0,-90,-1,-1,-1,-1,-1,-1,-1,-1
16351,968,0,0,-90,-1,-1,-1,-1,-1,-1,-1,-1
16486,976,0,0,90,-1,-1,-1,-1,-1,-1,-1,-1
16554,980,0,0,90,-1,-1,-1,-1,-1,-1,-1,-1
16892,1000,0,0,45,-1,-1,-1,-1,-1,-1,-1,-1
17162,1016,0,0,225,-1,-1,-1,-1,-1,-1,-1,-1
17230,1020,0,0,225,-1,-1,-1,-1,-1,-1,-1,-1
17973,1064,0,0,-45,-1,-1,-1,-1,-1,-1,-1,-1
18108,1072,0,0,-45,-1,-1,-1,-1,-1,-1,-1,-1
18243,1080,0,0,-45,-1,-1,-1,-1,-1,-1,-1,-1
18378,1088,0,0,-45,-1,-1,-1,-1,-1,-1,-1,-1
18514,1096,0,0,-225,-1,-1,-1,-1,-1,-1,-1,-1
18581,1100,0,0,-225,-1,-1,-1,-1,-1,-1,-1,-1
18919,1120,0,0,90,-1,-1,-1,-1,-1,-1,-1,-1
19324,1144,0,0,30,-1,-1,-1,-1,-1,-1,-1,-1
19392,1148,0,2,15,-1,-1,-1,-1,-1,-1,-1,-1
19459,1152,0,2,0,-1,-1,-1,-1,-1,-1,-1,-1
19527,1156,0,2,-15,-1,-1,-1,-1,-1,-1,-1,-1
19662,1164,0,0,-45,-1,-1,-1,-1,-1,-1,-1,-1
19730,1168,0,0,-45,-1,-1,-1,-1,-1,-1,-1,-1
20000,1184,0,0,90,-1,-1,-1,-1,-1,-1,-1,-1
20405,1208,0,0,90,-1,-1,-1,-1,-1,-1,-1,-1
20473,1212,0,2,90,-1,-1,-1,-1,-1,-1,-1,-1
20541,1216,0,2,90,-1,-1,-1,-1,-1,-1,-1,-1
20608,1220,0,2,90,-1,-1,-1,-1,-1,-1,-1,-1
20676,1224,0,0,-90,-1,-1,-1,-1,-1,-1,-1,-1
21486,1272,0,0,90,-1,-1,-1,-1,-1,-1,-1,-1
21622,1280,0,0,75,-1,-1,-1,-1,-1,-1,-1,-1
21757,1288,0,0,60,-1,-1,-1,-1,-1,-1,-1,-1
21892,1296,0,0,45,-1,-1,-1,-1,-1,-1,-1,-1
22027,1304,0,0,-90,-1,-1,-1,-1,-1,-1,-1,-1
22162,1312,0,0,-75,-1,-1,-1,-1,-1,-1,-1,-1
22297,1320,0,0,-60,-1,-1,-1,-1,-1,-1,-1,-1
22432,1328,0,0,-45,-1,-1,-1,-1,-1,-1,-1,-1
22568,1336,0,0,90,-1,-1,-1,-1,-1,-1,-1,-1
22703,1344,0,0,75,-1,-1,-1,-1,-1,-1,-1,-1
22838,1352,0,0,60,-1,-1,-1,-1,-1,-1,-1,-1
22973,1360,0,0,0,-1,-1,-1,-1,-1,-1,-1,-1
23041,1364,0,2,30,-1,-1,-1,-1,-1,-1,-1,-1
23108,1368,0,2,60,-1,-1,-1,-1,-1,-1,-1,-1
23176,1372,0,2,90,-1,-1,-1,-1,-1,-1,-1,-1
23243,1376,0,2,120,-1,-1,-1,-1,-1,-1,-1,-1
23311,1380,0,2,180,-1,-1,-1,-1,-1,-1,-1,-1
23378,1384,0,2,210,-1,-1,-1,-1,-1,-1,-1,-1
23446,1388,0,2,240,-1,-1,-1,-1,-1,-1,-1,-1
23514,1392,0,2,270,-1,-1,-1,-1,-1,-1,-1,-1
23581,1396,0,2,300,-1,-1,-1,-1,-1,-1,-1,-1
23649,1400,0,2,330,-1,-1,-1,-1,-1,-1,-1,-1
23716,1404,0,2,360,-1,-1,-1,-1,-1,-1,-1,-1
23784,1408,0,2,390,-1,-1,-1,-1,-1,-1,-1,-1
23919,1416,0,0,60,-1,-1,-1,-1,-1,-1,-1,-1
24595,1456,0,0,90,-1,-1,-1,-1,-1,-1,-1,-1
24730,1464,0,0,105,-1,-1,-1,-1,-1,-1,-1,-1
24865,1472,0,0,90,-1,-1,-1,-1,-1,-1,-1,-1
25000,1480,0,0,105,-1,-1,-1,-1,-1,-1,-1,-1
25405,1504,0,0,90,-1,-1,-1,-1,-1,-1,-1,-1
25811,1528,0,0,100,-1,-1,-1,-1,-1,-1,-1,-1
26081,1544,0,0,80,-1,-1,-1,-1,-1,-1,-1,-1
26486,1568,0,0,60,-1,-1,-1,-1,-1,-1,-1,-1
26892,1592,0,0,0,-1,-1,-1,-1,-1,-1,-1,-1
27838,1648,0,0,-50,-1,-1,-1,-1,-1,-1,-1,-1
28108,1664,0,0,-70,-1,-1,-1,-1,-1,-1,-1,-1
28378,1680,0,0,-90,-1,-1,-1,-1,-1,-1,-1,-1
29054,1720,0,0,225,-1,-1,-1,-1,-1,-1,-1,-1
29189,1728,0,0,200,-1,-1,-1,-1,-1,-1,-1,-1
29324,1736,0,0,175,-1,-1,-1,-1,-1,-1,-1,-1
29459,1744,0,0,150,-1,-1,-1,-1,-1,-1,-1,-1
29865,1768,0,0,90,-1,-1,-1,-1,-1,-1,-1,-1
30270,1792,0,0,50,-1,-1,-1,-1,-1,-1,-1,-1
30541,1808,0,0,90,-1,-1,-1,-1,-1,-1,-1,-1
30946,1832,0,0,130,-1,-1,-1,-1,-1,-1,-1,-1
31351,1856,0,0,90,-1,-1,-1,-1,-1,-1,-1,-1
32432,1920,0,0,-50,-1,-1,-1,-1,-1,-1,-1,-1
32568,1928,0,0,-70,-1,-1,-1,-1,-1,-1,-1,-1
32703,1936,0,0,-90,-1,-1,-1,-1,-1,-1,-1,-1
33378,1976,0,0,120,-1,-1,-1,-1,-1,-1,-1,-1
33514,1984,0,0,110,-1,-1,-1,-1,-1,-1,-1,-1
33649,1992,0,0,100,-1,-1,-1,-1,-1,-1,-1,-1
33784,2000,0,0,90,-1,-1,-1,-1,-1,-1,-1,-1
34054,2016,0,0,0,-1,-1,-1,-1,-1,-1,-1,-1
34459,2040,0,0,180,-1,-1,-1,-1,-1,-1,-1,-1
34730,2056,0,0,-90,-1,-1,-1,-1,-1,-1,-1,-1
35135,2080,0,0,-135,-1,-1,-1,-1,-1,-1,-1,-1
35541,2104,0,0,-180,-1,-1,-1,-1,-1,-1,-1,-1
36486,2160,0,0,-225,-1,-1,-1,-1,-1,-1,-1,-1
36622,2168,0,0,-200,-1,-1,-1,-1,-1,-1,-1,-1
36757,2176,0,0,-175,-1,-1,-1,-1,-1,-1,-1,-1
36892,2184,0,0,-150,-1,-1,-1,-1,-1,-1,-1,-1
37027,2192,0,0,-125,-1,-1,-1,-1,-1,-1,-1,-1
37297,2208,0,0,90,-1,-1,-1,-1,-1,-1,-1,-1
37838,2240,0,0,90,-1,-1,-1,-1,-1,-1,-1,-1
37973,2248,0,0,60,-1,-1,-1,-1,-1,-1,-1,-1
38108,2256,0,0,30,-1,-1,-1,-1,-1,-1,-1,-1
38378,2272,0,0,60,-1,-1,-1,-1,-1,-1,-1,-1
38514,2280,0,0,30,-1,-1,-1,-1,-1,-1,-1,-1
38649,2288,0,0,0,-1,-1,-1,-1,-1,-1,-1,-1
38919,2304,0,0,90,-1,-1,-1,-1,-1,-1,-1,-1
39189,2320,0,0,90,-1,-1,-1,-1,-1,-1,-1,-1
39595,2344,0,0,-90,-1,-1,-1,-1,-1,-1,-1,-1
39865,2360,0,0,90,-1,-1,-1,-1,-1,-1,-1,-1
40000,2368,0,0,90,-1,-1,-1,-1,-1,-1,-1,-1
40135,2376,0,0,45,-1,-1,-1,-1,-1,-1,-1,-1
40203,2380,0,2,45,-1,-1,-1,-1,-1,-1,-1,-1
40270,2384,0,2,45,-1,-1,-1,-1,-1,-1,-1,-1
40338,2388,0,2,45,-1,-1,-1,-1,-1,-1,-1,-1
40405,2392,0,0,0,-1,-1,-1,-1,-1,-1,-1,-1
40473,2396,0,2,0,-1,-1,-1,-1,-1,-1,-1,-1
40541,2400,0,2,0,-1,-1,-1,-1,-1,-1,-1,-1
40608,2404,0,2,0,-1,-1,-1,-1,-1,-1,-1,-1
40676,2408,0,0,-45,-1,-1,-1,-1,-1,-1,-1,-1
40743,2412,0,2,-45,-1,-1,-1,-1,-1,-1,-1,-1
40811,2416,0,2,-45,-1,-1,-1,-1,-1,-1,-1,-1
40878,2420,0,2,-45,-1,-1,-1,-1,-1,-1,-1,-1
40946,2424,0,0,-110,-1,-1,-1,-1,-1,-1,-1,-1
41014,2428,0,0,-110,-1,-1,-1,-1,-1,-1,-1,-1
41081,2432,0,0,-110,-1,-1,-1,-1,-1,-1,-1,-1
41149,2436,0,0,-110,-1,-1,-1,-1,-1,-1,-1,-1
41622,2464,0,0,180,-1,-1,-1,-1,-1,-1,-1,-1
41892,2480,0,0,-200,-1,-1,-1,-1,-1,-1,-1,-1
42027,2488,0,0,200,-1,-1,-1,-1,-1,-1,-1,-1
42162,2496,0,0,-225,-1,-1,-1,-1,-1,-1,-1,-1
42297,2504,0,0,225,-1,-1,-1,-1,-1,-1,-1,-1
42703,2528,0,0,90,-1,-1,-1,-1,-1,-1,-1,-1
43108,2552,0,0,90,-1,-1,-1,-1,-1,-1,-1,-1
43378,2568,0,0,-90,-1,-1,-1,-1,-1,-1,-1,-1
43784,2592,0,0,-90,-1,-1,-1,-1,-1,-1,-1,-1
44189,2616,0,0,90,-1,-1,-1,-1,-1,-1,-1,-1
45135,2672,0,0,-80,-1,-1,-1,-1,-1,-1,-1,-1
45270,2680,0,0,80,-1,-1,-1,-1,-1,-1,-1,-1
45405,2688,0,0,225,-1,-1,-1,-1,-1,-1,-1,-1
45541,2696,0,0,0,-1,-1,-1,-1,-1,-1,-1,-1
45676,2704,0,0,-225,-1,-1,-1,-1,-1,-1,-1,-1
46351,2744,0,0,-90,-1,-1,-1,-1,-1,-1,-1,-1
46486,2752,0,0,-70,-1,-1,-1,-1,-1,-1,-1,-1
46622,2760,0,0,-50,-1,-1,-1,-1,-1,-1,-1,-1
46757,2768,0,0,-30,-1,-1,-1,-1,-1,-1,-1,-1
47162,2792,0,0,30,-1,-1,-1,-1,-1,-1,-1,-1
47568,2816,0,0,60,-1,-1,-1,-1,-1,-1,-1,-1
47838,2832,0,0,90,-1,-1,-1,-1,-1,-1,-1,-1
48243,2856,0,0,-70,-1,-1,-1,-1,-1,-1,-1,-1
48649,2880,0,0,-30,-1,-1,-1,-1,-1,-1,-1,-1
49459,2928,0,0,90,-1,-1,-1,-1,-1,-1,-1,-1
49595,2936,0,0,90,-1,-1,-1,-1,-1,-1,-1,-1
49730,2944,0,0,-90,-1,-1,-1,-1,-1,-1,-1,-1
49865,2952,0,0,-90,-1,-1,-1,-1,-1,-1,-1,-1
50000,2960,0,0,0,-1,-1,-1,-1,-1,-1,-1,-1
50676,3000,0,0,-225,-1,-1,-1,-1,-1,-1,-1,-1
50811,3008,0,0,-225,-1,-1,-1,-1,-1,-1,-1,-1
50946,3016,0,0,-225,-1,-1,-1,-1,-1,-1,-1,-1
51081,3024,0,0,50,-1,-1,-1,-1,-1,-1,-1,-1
51351,3040,0,0,-10,-1,-1,-1,-1,-1,-1,-1,-1
51757,3064,0,0,80,-1,-1,-1,-1,-1,-1,-1,-1
52027,3080,0,0,20,-1,-1,-1,-1,-1,-1,-1,-1
52432,3104,0,0,90,-1,-1,-1,-1,-1,-1,-1,-1
52838,3128,0,0,160,-1,-1,-1,-1,-1,-1,-1,-1
53784,3184,0,0,80,-1,-1,-1,-1,-1,-1,-1,-1
53919,3192,0,0,-80,-1,-1,-1,-1,-1,-1,-1,-1
54054,3200,0,0,135,-1,-1,-1,-1,-1,-1,-1,-1
54189,3208,0,0,0,-1,-1,-1,-1,-1,-1,-1,-1
54324,3216,0,0,-135,-1,-1,-1,-1,-1,-1,-1,-1
54595,3232,0,0,80,-1,-1,-1,-1,-1,-1,-1,-1
55000,3256,0,0,90,-1,-1,-1,-1,-1,-1,-1,-1
55135,3264,0,0,110,-1,-1,-1,-1,-1,-1,-1,-1
55270,3272,0,0,130,-1,-1,-1,-1,-1,-1,-1,-1
55541,3288,0,0,90,-1,-1,-1,-1,-1,-1,-1,-1
55676,3296,0,0,70,-1,-1,-1,-1,-1,-1,-1,-1
55811,3304,0,0,50,-1,-1,-1,-1,-1,-1,-1,-1
56081,3320,0,0,-45,-1,-1,-1,-1,-1,-1,-1,-1
56351,3336,0,0,-45,-1,-1,-1,-1,-1,-1,-1,-1
56757,3360,0,0,90,-1,-1,-1,-1,-1,-1,-1,-1
57162,3384,0,0,-135,-1,-1,-1,-1,-1,-1,-1,-1
57297,3392,0,0,135,-1,-1,-1,-1,-1,-1,-1,-1
57432,3400,0,0,0,-1,-1,-1,-1,-1,-1,-1,-1
57500,3404,0,2,0,-1,-1,-1,-1,-1,-1,-1,-1
57568,3408,0,2,0,-1,-1,-1,-1,-1,-1,-1,-1
57635,3412,0,2,0,-1,-1,-1,-1,-1,-1,-1,-1
57703,3416,0,0,-135,-1,-1,-1,-1,-1,-1,-1,-1
57770,3420,0,2,-135,-1,-1,-1,-1,-1,-1,-1,-1
57838,3424,0,2,-135,-1,-1,-1,-1,-1,-1,-1,-1
57905,3428,0,2,-135,-1,-1,-1,-1,-1,-1,-1,-1
57973,3432,0,0,135,-1,-1,-1,-1,-1,-1,-1,-1
58041,3436,0,2,135,-1,-1,-1,-1,-1,-1,-1,-1
58108,3440,0,2,135,-1,-1,-1,-1,-1,-1,-1,-1
58176,3444,0,2,135,-1,-1,-1,-1,-1,-1,-1,-1
58243,3448,0,2,135,-1,-1,-1,-1,-1,-1,-1,-1
58311,3452,0,2,135,-1,-1,-1,-1,-1,-1,-1,-1
58378,3456,0,2,135,-1,-1,-1,-1,-1,-1,-1,-1
58514,3464,0,1,0,-1,-1,-1,-1,-1,-1,-1,-1
58649,3472,0,1,0,-1,-1,-1,-1,-1,-1,-1,-1
58919,3488,0,1,135,-1,-1,-1,-1,-1,-1,-1,-1
59054,3496,0,1,135,-1,-1,-1,-1,-1,-1,-1,-1
59324,3512,0,1,-135,-1,-1,-1,-1,-1,-1,-1,-1
59459,3520,0,1,-135,-1,-1,-1,-1,-1,-1,-1,-1
59730,3536,0,0,45,-1,-1,-1,-1,-1,-1,-1,-1
59797,3540,0,2,35,-1,-1,-1,-1,-1,-1,-1,-1
59865,3544,0,2,45,-1,-1,-1,-1,-1,-1,-1,-1
59932,3548,0,0,40,-1,-1,-1,-1,-1,-1,-1,-1
60068,3556,0,0,-45,-1,-1,-1,-1,-1,-1,-1,-1
60135,3560,0,2,-35,-1,-1,-1,-1,-1,-1,-1,-1
60203,3564,0,2,-45,-1,-1,-1,-1,-1,-1,-1,-1
60270,3568,0,0,-40,-1,-1,-1,-1,-1,-1,-1,-1
60676,3592,0,1,135,-1,-1,-1,-1,-1,-1,-1,-1
60811,3600,0,1,105,-1,-1,-1,-1,-1,-1,-1,-1
61081,3616,0,1,105,-1,-1,-1,-1,-1,-1,-1,-1
61216,3624,0,1,85,-1,-1,-1,-1,-1,-1,-1,-1
61486,3640,0,1,85,-1,-1,-1,-1,-1,-1,-1,-1
61622,3648,0,1,55,-1,-1,-1,-1,-1,-1,-1,-1
61892,3664,0,1,55,-1,-1,-1,-1,-1,-1,-1,-1
62027,3672,0,1,25,-1,-1,-1,-1,-1,-1,-1,-1
62297,3688,0,0,-90,-1,-1,-1,-1,-1,-1,-1,-1
62365,3692,0,2,-120,-1,-1,-1,-1,-1,-1,-1,-1
62432,3696,0,2,-150,-1,-1,-1,-1,-1,-1,-1,-1
62500,3700,0,2,-180,-1,-1,-1,-1,-1,-1,-1,-1
62568,3704,0,2,-210,-1,-1,-1,-1,-1,-1,-1,-1
62635,3708,0,2,-240,-1,-1,-1,-1,-1,-1,-1,-1
62703,3712,0,2,-270,-1,-1,-1,-1,-1,-1,-1,-1
62838,3720,0,1,90,-1,-1,-1,-1,-1,-1,-1,-1
62973,3728,0,1,45,-1,-1,-1,-1,-1,-1,-1,-1
63243,3744,0,1,-90,-1,-1,-1,-1,-1,-1,-1,-1
63378,3752,0,1,-135,-1,-1,-1,-1,-1,-1,-1,-1
63649,3768,0,1,90,-1,-1,-1,-1,-1,-1,-1,-1
63784,3776,0,1,45,-1,-1,-1,-1,-1,-1,-1,-1
64054,3792,0,0,90,-1,-1,-1,-1,-1,-1,-1,-1
64122,3796,0,2,90,-1,-1,-1,-1,-1,-1,-1,-1
64189,3800,0,2,90,-1,-1,-1,-1,-1,-1,-1,-1
64257,3804,0,0,90,-1,-1,-1,-1,-1,-1,-1,-1
64392,3812,0,0,90,-1,-1,-1,-1,-1,-1,-1,-1
64459,3816,0,2,90,-1,-1,-1,-1,-1,-1,-1,-1
64527,3820,0,2,90,-1,-1,-1,-1,-1,-1,-1,-1
64595,3824,0,0,90,-1,-1,-1,-1,-1,-1,-1,-1
65000,3848,0,1,-45,-1,-1,-1,-1,-1,-1,-1,-1
65135,3856,0,1,-45,-1,-1,-1,-1,-1,-1,-1,-1
65405,3872,0,1,135,-1,-1,-1,-1,-1,-1,-1,-1
65541,3880,0,1,135,-1,-1,-1,-1,-1,-1,-1,-1
65811,3896,0,1,45,-1,-1,-1,-1,-1,-1,-1,-1
65946,3904,0,1,45,-1,-1,-1,-1,-1,-1,-1,-1
66216,3920,0,1,-135,-1,-1,-1,-1,-1,-1,-1,-1
66351,3928,0,1,-135,-1,-1,-1,-1,-1,-1,-1,-1
66757,3952,0,0,60,-1,-1,-1,-1,-1,-1,-1,-1
66824,3956,0,2,120,-1,-1,-1,-1,-1,-1,-1,-1
66892,3960,0,2,60,-1,-1,-1,-1,-1,-1,-1,-1
66959,3964,0,2,120,-1,-1,-1,-1,-1,-1,-1,-1
67027,3968,0,2,60,-1,-1,-1,-1,-1,-1,-1,-1
67095,3972,0,2,120,-1,-1,-1,-1,-1,-1,-1,-1
67297,3984,0,1,-60,-1,-1,-1,-1,-1,-1,-1,-1
67432,3992,0,1,-60,-1,-1,-1,-1,-1,-1,-1,-1
67703,4008,0,1,0,-1,-1,-1,-1,-1,-1,-1,-1
67838,4016,0,1,0,-1,-1,-1,-1,-1,-1,-1,-1
68108,4032,0,1,60,-1,-1,-1,-1,-1,-1,-1,-1
68243,4040,0,1,60,-1,-1,-1,-1,-1,-1,-1,-1
68378,4048,0,0,-30,-1,-1,-1,-1,-1,-1,-1,-1
68446,4052,0,2,-30,-1,-1,-1,-1,-1,-1,-1,-1
68514,4056,0,2,-30,-1,-1,-1,-1,-1,-1,-1,-1
68581,4060,0,0,-30,-1,-1,-1,-1,-1,-1,-1,-1
68716,4068,0,0,30,-1,-1,-1,-1,-1,-1,-1,-1
68784,4072,0,2,30,-1,-1,-1,-1,-1,-1,-1,-1
68851,4076,0,2,30,-1,-1,-1,-1,-1,-1,-1,-1
68919,4080,0,0,30,-1,-1,-1,-1,-1,-1,-1,-1
69324,4104,0,1,90,-1,-1,-1,-1,-1,-1,-1,-1
69459,4112,0,1,90,-1,-1,-1,-1,-1,-1,-1,-1
69730,4128,0,1,0,-1,-1,-1,-1,-1,-1,-1,-1
69865,4136,0,1,0,-1,-1,-1,-1,-1,-1,-1,-1
70135,4152,0,1,90,-1,-1,-1,-1,-1,-1,-1,-1
70270,4160,0,1,90,-1,-1,-1,-1,-1,-1,-1,-1
70541,4176,0,1,0,-1,-1,-1,-1,-1,-1,-1,-1
70676,4184,0,1,0,-1,-1,-1,-1,-1,-1,-1,-1
70946,4200,0,0,45,-1,-1,-1,-1,-1,-1,-1,-1
71014,4204,0,2,60,-1,-1,-1,-1,-1,-1,-1,-1
71081,4208,0,2,75,-1,-1,-1,-1,-1,-1,-1,-1
71149,4212,0,2,90,-1,-1,-1,-1,-1,-1,-1,-1
71216,4216,0,2,105,-1,-1,-1,-1,-1,-1,-1,-1
71486,4232,0,1,-90,-1,-1,-1,-1,-1,-1,-1,-1
71622,4240,0,1,-90,-1,-1,-1,-1,-1,-1,-1,-1
71892,4256,0,1,180,-1,-1,-1,-1,-1,-1,-1,-1
72027,4264,0,1,180,-1,-1,-1,-1,-1,-1,-1,-1
72297,4280,0,1,-90,-1,-1,-1,-1,-1,-1,-1,-1
72432,4288,0,1,-90,-1,-1,-1,-1,-1,-1,-1,-1
72568,4296,0,0,90,-1,-1,-1,-1,-1,-1,-1,-1
72635,4300,0,2,90,-1,-1,-1,-1,-1,-1,-1,-1
72703,4304,0,2,90,-1,-1,-1,-1,-1,-1,-1,-1
72770,4308,0,0,90,-1,-1,-1,-1,-1,-1,-1,-1
72905,4316,0,0,60,-1,-1,-1,-1,-1,-1,-1,-1
72973,4320,0,2,60,-1,-1,-1,-1,-1,-1,-1,-1
73041,4324,0,2,60,-1,-1,-1,-1,-1,-1,-1,-1
73108,4328,0,0,60,-1,-1,-1,-1,-1,-1,-1,-1
73649,4360,0,1,135,-1,-1,-1,-1,-1,-1,-1,-1
73784,4368,0,1,135,-1,-1,-1,-1,-1,-1,-1,-1
74054,4384,0,1,-135,-1,-1,-1,-1,-1,-1,-1,-1
74189,4392,0,1,-135,-1,-1,-1,-1,-1,-1,-1,-1
74459,4408,0,1,135,-1,-1,-1,-1,-1,-1,-1,-1
74595,4416,0,1,135,-1,-1,-1,-1,-1,-1,-1,-1
74865,4432,0,1,-135,-1,-1,-1,-1,-1,-1,-1,-1
75000,4440,0,1,-135,-1,-1,-1,-1,-1,-1,-1,-1
75405,4464,0,0,0,-1,-1,-1,-1,-1,-1,-1,-1
75473,4468,0,2,0,-1,-1,-1,-1,-1,-1,-1,-1
75541,4472,0,2,0,-1,-1,-1,-1,-1,-1,-1,-1
75608,4476,0,2,0,-1,-1,-1,-1,-1,-1,-1,-1
75676,4480,0,2,0,-1,-1,-1,-1,-1,-1,-1,-1
75743,4484,0,2,0,-1,-1,-1,-1,-1,-1,-1,-1
75811,4488,0,2,0,-1,-1,-1,-1,-1,-1,-1,-1
76216,4512,0,1,90,-1,-1,-1,-1,-1,-1,-1,-1
80000,4736,0,0,0,-1,-1,-1,-1,-1,-1,-1,-1
80270,4752,0,0,0,-1,-1,-1,-1,-1,-1,-1,-1
81351,4816,0,0,-30,-1,-1,-1,-1,-1,-1,-1,-1
81757,4840,0,0,0,-1,-1,-1,-1,-1,-1,-1,-1
82162,4864,0,0,30,-1,-1,-1,-1,-1,-1,-1,-1
82432,4880,0,0,0,-1,-1,-1,-1,-1,-1,-1,-1
83243,4928,0,0,0,-1,-1,-1,-1,-1,-1,-1,-1
83514,4944,0,0,0,-1,-1,-1,-1,-1,-1,-1,-1
84054,4976,0,0,60,-1,-1,-1,-1,-1,-1,-1,-1
84595,5008,0,0,0,-1,-1,-1,-1,-1,-1,-1,-1
85405,5056,0,0,-45,-1,-1,-1,-1,-1,-1,-1,-1
85676,5072,0,0,-45,-1,-1,-1,-1,-1,-1,-1,-1
86081,5096,0,0,60,-1,-1,-1,-1,-1,-1,-1,-1
86486,5120,0,0,30,-1,-1,-1,-1,-1,-1,-1,-1
86757,5136,0,0,0,-1,-1,-1,-1,-1,-1,-1,-1
87297,5168,0,0,-70,-1,-1,-1,-1,-1,-1,-1,-1
87838,5200,0,0,-30,-1,-1,-1,-1,-1,-1,-1,-1
88378,5232,0,0,10,-1,-1,-1,-1,-1,-1,-1,-1
88919,5264,0,0,35,-1,-1,-1,-1,-1,-1,-1,-1
89730,5312,0,0,60,-1,-1,-1,-1,-1,-1,-1,-1
89865,5320,0,0,80,-1,-1,-1,-1,-1,-1,-1,-1
90000,5328,0,0,70,-1,-1,-1,-1,-1,-1,-1,-1
90405,5352,0,0,40,-1,-1,-1,-1,-1,-1,-1,-1
90811,5376,0,0,10,-1,-1,-1,-1,-1,-1,-1,-1
91081,5392,0,0,-20,-1,-1,-1,-1,-1,-1,-1,-1
91622,5424,0,0,-70,-1,-1,-1,-1,-1,-1,-1,-1
92162,5456,0,0,-50,-1,-1,-1,-1,-1,-1,-1,-1
92703,5488,0,0,-30,-1,-1,-1,-1,-1,-1,-1,-1
93243,5520,0,0,45,-1,-1,-1,-1,-1,-1,-1,-1
94054,5568,0,0,-75,-1,-1,-1,-1,-1,-1,-1,-1
94324,5584,0,0,-75,-1,-1,-1,-1,-1,-1,-1,-1
95405,5648,0,0,0,-1,-1,-1,-1,-1,-1,-1,-1
95541,5656,0,0,20,-1,-1,-1,-1,-1,-1,-1,-1
95676,5664,0,0,40,-1,-1,-1,-1,-1,-1,-1,-1
95811,5672,0,0,60,-1,-1,-1,-1,-1,-1,-1,-1
95946,5680,0,0,0,-1,-1,-1,-1,-1,-1,-1,-1
96081,5688,0,0,-20,-1,-1,-1,-1,-1,-1,-1,-1
96216,5696,0,0,-40,-1,-1,-1,-1,-1,-1,-1,-1
96351,5704,0,0,-60,-1,-1,-1,-1,-1,-1,-1,-1
96486,5712,0,0,60,-1,-1,-1,-1,-1,-1,-1,-1
96622,5720,0,0,80,-1,-1,-1,-1,-1,-1,-1,-1
96757,5728,0,0,100,-1,-1,-1,-1,-1,-1,-1,-1
96892,5736,0,0,120,-1,-1,-1,-1,-1,-1,-1,-1
97027,5744,0,0,140,-1,-1,-1,-1,-1,-1,-1,-1
97297,5760,0,0,-120,-1,-1,-1,-1,-1,-1,-1,-1
97568,5776,0,1,-120,-1,-1,-1,-1,-1,-1,-1,-1
98649,5840,0,0,-120,-1,-1,-1,-1,-1,-1,-1,-1
99054,5864,0,0,120,-1,-1,-1,-1,-1,-1,-1,-1
99459,5888,0,0,0,-1,-1,-1,-1,-1,-1,-1,-1
99730,5904,0,0,-45,-1,-1,-1,-1,-1,-1,-1,-1
100405,5944,0,0,-10,-1,-1,-1,-1,-1,-1,-1,-1
100676,5960,0,0,-10,-1,-1,-1,-1,-1,-1,-1,-1
101351,6000,0,0,60,-1,-1,-1,-1,-1,-1,-1,-1
101892,6032,0,0,70,-1,-1,-1,-1,-1,-1,-1,-1
102703,6080,0,0,90,-1,-1,-1,-1,-1,-1,-1,-1
102973,6096,0,0,90,-1,-1,-1,-1,-1,-1,-1,-1
103378,6120,0,0,70,-1,-1,-1,-1,-1,-1,-1,-1
103784,6144,0,0,50,-1,-1,-1,-1,-1,-1,-1,-1
104054,6160,0,0,30,-1,-1,-1,-1,-1,-1,-1,-1
104595,6192,0,0,-40,-1,-1,-1,-1,-1,-1,-1,-1
105135,6224,0,0,-10,-1,-1,-1,-1,-1,-1,-1,-1
105676,6256,0,0,20,-1,-1,-1,-1,-1,-1,-1,-1
106216,6288,0,0,90,-1,-1,-1,-1,-1,-1,-1,-1
106351,6296,0,0,90,-1,-1,-1,-1,-1,-1,-1,-1
106622,6312,0,0,0,-1,-1,-1,-1,-1,-1,-1,-1
106892,6328,0,0,-90,-1,-1,-1,-1,-1,-1,-1,-1
107027,6336,0,0,-90,-1,-1,-1,-1,-1,-1,-1,-1
107838,6384,0,0,-75,-1,-1,-1,-1,-1,-1,-1,-1
107973,6392,0,0,-60,-1,-1,-1,-1,-1,-1,-1,-1
108108,6400,0,0,-45,-1,-1,-1,-1,-1,-1,-1,-1
108243,6408,0,0,-30,-1,-1,-1,-1,-1,-1,-1,-1
108378,6416,0,1,0,-1,-1,-1,-1,-1,-1,-1,-1
108649,6432,0,0,90,-1,-1,-1,-1,-1,-1,-1,-1
108784,6440,0,0,90,-1,-1,-1,-1,-1,-1,-1,-1
109054,6456,0,0,90,-1,-1,-1,-1,-1,-1,-1,-1
109189,6464,0,0,90,-1,-1,-1,-1,-1,-1,-1,-1
110000,6512,0,0,-90,-1,-1,-1,-1,-1,-1,-1,-1
110135,6520,0,0,-90,-1,-1,-1,-1,-1,-1,-1,-1
110270,6528,0,0,-90,-1,-1,-1,-1,-1,-1,-1,-1
110405,6536,0,0,-90,-1,-1,-1,-1,-1,-1,-1,-1
110541,6544,0,0,-90,-1,-1,-1,-1,-1,-1,-1,-1
110676,6552,0,0,-70,-1,-1,-1,-1,-1,-1,-1,-1
110811,6560,0,0,-50,-1,-1,-1,-1,-1,-1,-1,-1
110946,6568,0,0,-30,-1,-1,-1,-1,-1,-1,-1,-1
111081,6576,0,0,-10,-1,-1,-1,-1,-1,-1,-1,-1
111216,6584,0,0,10,-1,-1,-1,-1,-1,-1,-1,-1
111351,6592,0,0,30,-1,-1,-1,-1,-1,-1,-1,-1
111486,6600,0,0,50,-1,-1,-1,-1,-1,-1,-1,-1
111622,6608,0,0,70,-1,-1,-1,-1,-1,-1,-1,-1
111757,6616,0,0,90,-1,-1,-1,-1,-1,-1,-1,-1
111892,6624,0,0,110,-1,-1,-1,-1,-1,-1,-1,-1
112027,6632,0,0,130,-1,-1,-1,-1,-1,-1,-1,-1
112162,6640,0,0,150,-1,-1,-1,-1,-1,-1,-1,-1
112297,6648,0,0,170,-1,-1,-1,-1,-1,-1,-1,-1
112432,6656,0,0,190,-1,-1,-1,-1,-1,-1,-1,-1
112703,6672,0,1,-120,-1,-1,-1,-1,-1,-1,-1,-1
112838,6680,0,1,-120,-1,-1,-1,-1,-1,-1,-1,-1
113108,6696,0,1,60,-1,-1,-1,-1,-1,-1,-1,-1
113378,6712,0,0,-45,-1,-1,-1,-1,-1,-1,-1,-1
113446,6716,0,2,-45,-1,-1,-1,-1,-1,-1,-1,-1
113514,6720,0,2,-45,-1,-1,-1,-1,-1,-1,-1,-1
113581,6724,0,2,-45,-1,-1,-1,-1,-1,-1,-1,-1
113649,6728,0,2,-45,-1,-1,-1,-1,-1,-1,-1,-1
113784,6736,0,0,60,-1,-1,-1,-1,-1,-1,-1,-1
113919,6744,0,0,60,-1,-1,-1,-1,-1,-1,-1,-1
114189,6760,0,0,60,-1,-1,-1,-1,-1,-1,-1,-1
114459,6776,0,0,120,-1,-1,-1,-1,-1,-1,-1,-1
114527,6780,0,2,120,-1,-1,-1,-1,-1,-1,-1,-1
114595,6784,0,2,120,-1,-1,-1,-1,-1,-1,-1,-1
114662,6788,0,2,120,-1,-1,-1,-1,-1,-1,-1,-1
114730,6792,0,0,120,-1,-1,-1,-1,-1,-1,-1,-1
115405,6832,0,2,90,-1,-1,-1,-1,-1,-1,-1,-1
115473,6836,0,2,95,-1,-1,-1,-1,-1,-1,-1,-1
115541,6840,0,2,85,-1,-1,-1,-1,-1,-1,-1,-1
115608,6844,0,2,95,-1,-1,-1,-1,-1,-1,-1,-1
115676,6848,0,2,85,-1,-1,-1,-1,-1,-1,-1,-1
115743,6852,0,2,100,-1,-1,-1,-1,-1,-1,-1,-1
115811,6856,0,2,80,-1,-1,-1,-1,-1,-1,-1,-1
115878,6860,0,2,100,-1,-1,-1,-1,-1,-1,-1,-1
115946,6864,0,2,80,-1,-1,-1,-1,-1,-1,-1,-1
116014,6868,0,2,105,-1,-1,-1,-1,-1,-1,-1,-1
116081,6872,0,2,75,-1,-1,-1,-1,-1,-1,-1,-1
116149,6876,0,2,105,-1,-1,-1,-1,-1,-1,-1,-1
116216,6880,0,2,75,-1,-1,-1,-1,-1,-1,-1,-1
116284,6884,0,2,110,-1,-1,-1,-1,-1,-1,-1,-1
116351,6888,0,2,70,-1,-1,-1,-1,-1,-1,-1,-1
116419,6892,0,2,110,-1,-1,-1,-1,-1,-1,-1,-1
116486,6896,0,2,70,-1,-1,-1,-1,-1,-1,-1,-1
116622,6904,0,0,50,-1,-1,-1,-1,-1,-1,-1,-1
116757,6912,0,0,130,-1,-1,-1,-1,-1,-1,-1,-1
116892,6920,0,0,50,-1,-1,-1,-1,-1,-1,-1,-1
117838,6976,0,0,20,-1,-1,-1,-1,-1,-1,-1,-1
117973,6984,0,0,-20,-1,-1,-1,-1,-1,-1,-1,-1
118243,7000,0,0,-90,-1,-1,-1,-1,-1,-1,-1,-1
118378,7008,0,0,-110,-1,-1,-1,-1,-1,-1,-1,-1
118514,7016,0,0,-130,-1,-1,-1,-1,-1,-1,-1,-1
118649,7024,0,0,-150,-1,-1,-1,-1,-1,-1,-1,-1
118784,7032,0,0,-170,-1,-1,-1,-1,-1,-1,-1,-1
118919,7040,0,0,-190,-1,-1,-1,-1,-1,-1,-1,-1
119054,7048,0,0,-210,-1,-1,-1,-1,-1,-1,-1,-1
119324,7064,0,0,90,-1,-1,-1,-1,-1,-1,-1,-1
119459,7072,0,0,90,-1,-1,-1,-1,-1,-1,-1,-1
120270,7120,0,0,70,-1,-1,-1,-1,-1,-1,-1,-1
120338,7124,0,2,70,-1,-1,-1,-1,-1,-1,-1,-1
120405,7128,0,2,70,-1,-1,-1,-1,-1,-1,-1,-1
120676,7144,0,0,120,-1,-1,-1,-1,-1,-1,-1,-1
120811,7152,0,0,120,-1,-1,-1,-1,-1,-1,-1,-1
120946,7160,0,0,120,-1,-1,-1,-1,-1,-1,-1,-1
121081,7168,0,0,120,-1,-1,-1,-1,-1,-1,-1,-1
121486,7192,0,0,30,-1,-1,-1,-1,-1,-1,-1,-1
121622,7200,0,0,30,-1,-1,-1,-1,-1,-1,-1,-1
121757,7208,0,0,30,-1,-1,-1,-1,-1,-1,-1,-1
122027,7224,0,0,-70,-1,-1,-1,-1,-1,-1,-1,-1
122297,7240,0,0,-70,-1,-1,-1,-1,-1,-1,-1,-1
122568,7256,0,0,-70,-1,-1,-1,-1,-1,-1,-1,-1
122703,7264,0,0,-60,-1,-1,-1,-1,-1,-1,-1,-1
122838,7272,0,0,-50,-1,-1,-1,-1,-1,-1,-1,-1
123108,7288,0,0,20,-1,-1,-1,-1,-1,-1,-1,-1
123378,7304,0,0,60,-1,-1,-1,-1,-1,-1,-1,-1
123649,7320,0,0,80,-1,-1,-1,-1,-1,-1,-1,-1
123784,7328,0,0,80,-1,-1,-1,-1,-1,-1,-1,-1
124189,7352,0,0,90,-1,-1,-1,-1,-1,-1,-1,-1
124257,7356,0,2,110,-1,-1,-1,-1,-1,-1,-1,-1
124324,7360,0,2,130,-1,-1,-1,-1,-1,-1,-1,-1
124392,7364,0,2,150,-1,-1,-1,-1,-1,-1,-1,-1
124459,7368,0,2,170,-1,-1,-1,-1,-1,-1,-1,-1
124527,7372,0,2,190,-1,-1,-1,-1,-1,-1,-1,-1
124595,7376,0,2,170,-1,-1,-1,-1,-1,-1,-1,-1
124662,7380,0,2,150,-1,-1,-1,-1,-1,-1,-1,-1
124730,7384,0,2,130,-1,-1,-1,-1,-1,-1,-1,-1
124797,7388,0,2,110,-1,-1,-1,-1,-1,-1,-1,-1
124865,7392,0,2,90,-1,-1,-1,-1,-1,-1,-1,-1
125000,7400,0,0,90,-1,-1,-1,-1,-1,-1,-1,-1
125135,7408,0,0,110,-1,-1,-1,-1,-1,-1,-1,-1
125270,7416,0,0,140,-1,-1,-1,-1,-1,-1,-1,-1
125405,7424,0,0,170,-1,-1,-1,-1,-1,-1,-1,-1
125676,7440,0,0,90,-1,-1,-1,-1,-1,-1,-1,-1
125811,7448,0,0,90,-1,-1,-1,-1,-1,-1,-1,-1
126351,7480,0,0,60,-1,-1,-1,-1,-1,-1,-1,-1
126486,7488,0,0,60,-1,-1,-1,-1,-1,-1,-1,-1
126622,7496,0,0,60,-1,-1,-1,-1,-1,-1,-1,-1
126892,7512,0,0,90,-1,-1,-1,-1,-1,-1,-1,-1
127027,7520,0,0,70,-1,-1,-1,-1,-1,-1,-1,-1
127162,7528,0,0,50,-1,-1,-1,-1,-1,-1,-1,-1
127297,7536,0,0,70,-1,-1,-1,-1,-1,-1,-1,-1
127432,7544,0,0,90,-1,-1,-1,-1,-1,-1,-1,-1
127568,7552,0,0,110,-1,-1,-1,-1,-1,-1,-1,-1
127703,7560,0,0,130,-1,-1,-1,-1,-1,-1,-1,-1
127973,7576,0,0,130,-1,-1,-1,-1,-1,-1,-1,-1
128108,7584,0,0,50,-1,-1,-1,-1,-1,-1,-1,-1
128919,7632,0,0,90,-1,-1,-1,-1,-1,-1,-1,-1
128986,7636,0,2,90,-1,-1,-1,-1,-1,-1,-1,-1
129054,7640,0,2,90,-1,-1,-1,-1,-1,-1,-1,-1
129324,7656,0,0,90,-1,-1,-1,-1,-1,-1,-1,-1
129459,7664,0,0,110,-1,-1,-1,-1,-1,-1,-1,-1
129595,7672,0,0,90,-1,-1,-1,-1,-1,-1,-1,-1
129730,7680,0,0,110,-1,-1,-1,-1,-1,-1,-1,-1
130000,7696,0,0,90,-1,-1,-1,-1,-1,-1,-1,-1
130135,7704,0,0,70,-1,-1,-1,-1,-1,-1,-1,-1
130270,7712,0,0,50,-1,-1,-1,-1,-1,-1,-1,-1
130541,7728,0,0,-10,-1,-1,-1,-1,-1,-1,-1,-1
130811,7744,0,0,-60,-1,-1,-1,-1,-1,-1,-1,-1
131081,7760,0,0,-90,-1,-1,-1,-1,-1,-1,-1,-1
131216,7768,0,0,-110,-1,-1,-1,-1,-1,-1,-1,-1
131351,7776,0,0,-130,-1,-1,-1,-1,-1,-1,-1,-1
131622,7792,0,0,70,-1,-1,-1,-1,-1,-1,-1,-1
131892,7808,0,0,70,-1,-1,-1,-1,-1,-1,-1,-1
132162,7824,0,0,70,-1,-1,-1,-1,-1,-1,-1,-1
132568,7848,0,2,70,-1,-1,-1,-1,-1,-1,-1,-1
132703,7856,0,2,70,-1,-1,-1,-1,-1,-1,-1,-1
132838,7864,0,2,70,-1,-1,-1,-1,-1,-1,-1,-1
133108,7880,0,2,70,-1,-1,-1,-1,-1,-1,-1,-1
133243,7888,0,2,70,-1,-1,-1,-1,-1,-1,-1,-1
133378,7896,0,2,70,-1,-1,-1,-1,-1,-1,-1,-1
133649,7912,0,0,90,-1,-1,-1,-1,-1,-1,-1,-1
133784,7920,0,0,90,-1,-1,-1,-1,-1,-1,-1,-1
133919,7928,0,0,110,-1,-1,-1,-1,-1,-1,-1,-1
133986,7932,0,0,90,-1,-1,-1,-1,-1,-1,-1,-1
134054,7936,0,0,70,-1,-1,-1,-1,-1,-1,-1,-1
134459,7960,0,0,90,-1,-1,-1,-1,-1,-1,-1,-1
134595,7968,0,0,90,-1,-1,-1,-1,-1,-1,-1,-1
134730,7976,0,0,90,-1,-1,-1,-1,-1,-1,-1,-1
134865,7984,0,0,90,-1,-1,-1,-1,-1,-1,-1,-1
135000,7992,0,0,90,-1,-1,-1,-1,-1,-1,-1,-1
135135,8000,0,0,90,-1,-1,-1,-1,-1,-1,-1,-1
135270,8008,0,0,90,-1,-1,-1,-1,-1,-1,-1,-1
135541,8024,0,0,90,-1,-1,-1,-1,-1,-1,-1,-1
135676,8032,0,0,90,-1,-1,-1,-1,-1,-1,-1,-1
135811,8040,0,0,90,-1,-1,-1,-1,-1,-1,-1,-1
135946,8048,0,0,90,-1,-1,-1,-1,-1,-1,-1,-1
136081,8056,0,0,90,-1,-1,-1,-1,-1,-1,-1,-1
136216,8064,0,0,90,-1,-1,-1,-1,-1,-1,-1,-1
136351,8072,0,0,90,-1,-1,-1,-1,-1,-1,-1,-1
136622,8088,0,0,90,-1,-1,-1,-1,-1,-1,-1,-1
136757,8096,0,0,90,-1,-1,-1,-1,-1,-1,-1,-1
137568,8144,0,0,90,-1,-1,-1,-1,-1,-1,-1,-1
137635,8148,0,2,90,-1,-1,-1,-1,-1,-1,-1,-1
137703,8152,0,2,90,-1,-1,-1,-1,-1,-1,-1,-1
137973,8168,0,0,90,-1,-1,-1,-1,-1,-1,-1,-1
138108,8176,0,0,90,-1,-1,-1,-1,-1,-1,-1,-1
138243,8184,0,0,90,-1,-1,-1,-1,-1,-1,-1,-1
138378,8192,0,0,90,-1,-1,-1,-1,-1,-1,-1,-1
138649,8208,0,0,90,-1,-1,-1,-1,-1,-1,-1,-1
138784,8216,0,0,90,-1,-1,-1,-1,-1,-1,-1,-1
138919,8224,0,0,90,-1,-1,-1,-1,-1,-1,-1,-1
139189,8240,0,0,90,-1,-1,-1,-1,-1,-1,-1,-1
139595,8264,0,0,90,-1,-1,-1,-1,-1,-1,-1,-1
139865,8280,0,0,90,-1,-1,-1,-1,-1,-1,-1,-1
140000,8288,0,0,90,-1,-1,-1,-1,-1,-1,-1,-1
140135,8296,0,0,90,-1,-1,-1,-1,-1,-1,-1,-1
140405,8312,0,0,90,-1,-1,-1,-1,-1,-1,-1,-1
140676,8328,0,0,90,-1,-1,-1,-1,-1,-1,-1,-1
140946,8344,0,0,90,-1,-1,-1,-1,-1,-1,-1,-1
141081,8352,0,0,90,-1,-1,-1,-1,-1,-1,-1,-1
141486,8376,0,0,90,-1,-1,-1,-1,-1,-1,-1,-1
141554,8380,0,2,90,-1,-1,-1,-1,-1,-1,-1,-1
141622,8384,0,2,90,-1,-1,-1,-1,-1,-1,-1,-1
141689,8388,0,2,90,-1,-1,-1,-1,-1,-1,-1,-1
141757,8392,0,2,90,-1,-1,-1,-1,-1,-1,-1,-1
141824,8396,0,2,90,-1,-1,-1,-1,-1,-1,-1,-1
141892,8400,0,2,90,-1,-1,-1,-1,-1,-1,-1,-1
141959,8404,0,2,90,-1,-1,-1,-1,-1,-1,-1,-1
142027,8408,0,2,90,-1,-1,-1,-1,-1,-1,-1,-1
142095,8412,0,2,90,-1,-1,-1,-1,-1,-1,-1,-1
142162,8416,0,2,90,-1,-1,-1,-1,-1,-1,-1,-1
142297,8424,0,0,90,-1,-1,-1,-1,-1,-1,-1,-1
142432,8432,0,0,90,-1,-1,-1,-1,-1,-1,-1,-1
142568,8440,0,0,90,-1,-1,-1,-1,-1,-1,-1,-1
142703,8448,0,0,90,-1,-1,-1,-1,-1,-1,-1,-1
142973,8464,0,0,90,-1,-1,-1,-1,-1,-1,-1,-1
143108,8472,0,0,90,-1,-1,-1,-1,-1,-1,-1,-1
143514,8496,0,0,90,-1,-1,-1,-1,-1,-1,-1,-1
143649,8504,0,0,90,-1,-1,-1,-1,-1,-1,-1,-1
143784,8512,0,0,90,-1,-1,-1,-1,-1,-1,-1,-1
144054,8528,0,0,90,-1,-1,-1,-1,-1,-1,-1,-1
144189,8536,0,0,90,-1,-1,-1,-1,-1,-1,-1,-1
144324,8544,0,0,90,-1,-1,-1,-1,-1,-1,-1,-1
144459,8552,0,0,90,-1,-1,-1,-1,-1,-1,-1,-1
144595,8560,0,0,90,-1,-1,-1,-1,-1,-1,-1,-1
144730,8568,0,0,90,-1,-1,-1,-1,-1,-1,-1,-1
144865,8576,0,0,90,-1,-1,-1,-1,-1,-1,-1,-1
145135,8592,0,0,90,-1,-1,-1,-1,-1,-1,-1,-1
145270,8600,0,0,90,-1,-1,-1,-1,-1,-1,-1,-1
146081,8648,0,0,90,-1,-1,-1,-1,-1,-1,-1,-1
146149,8652,0,2,90,-1,-1,-1,-1,-1,-1,-1,-1
146216,8656,0,2,90,-1,-1,-1,-1,-1,-1,-1,-1
146486,8672,0,0,90,-1,-1,-1,-1,-1,-1,-1,-1
146622,8680,0,0,90,-1,-1,-1,-1,-1,-1,-1,-1
146757,8688,0,0,90,-1,-1,-1,-1,-1,-1,-1,-1
146892,8696,0,0,90,-1,-1,-1,-1,-1,-1,-1,-1
147297,8720,0,0,90,-1,-1,-1,-1,-1,-1,-1,-1
147432,8728,0,0,90,-1,-1,-1,-1,-1,-1,-1,-1
147568,8736,0,0,90,-1,-1,-1,-1,-1,-1,-1,-1
147838,8752,0,0,90,-1,-1,-1,-1,-1,-1,-1,-1
148108,8768,0,0,90,-1,-1,-1,-1,-1,-1,-1,-1
148514,8792,0,0,90,-1,-1,-1,-1,-1,-1,-1,-1
148649,8800,0,0,90,-1,-1,-1,-1,-1,-1,-1,-1
148784,8808,0,0,90,-1,-1,-1,-1,-1,-1,-1,-1
149054,8824,0,0,90,-1,-1,-1,-1,-1,-1,-1,-1
149324,8840,0,0,90,-1,-1,-1,-1,-1,-1,-1,-1
149595,8856,0,0,90,-1,-1,-1,-1,-1,-1,-1,-1
150405,8904,0,0,90,-1,-1,-1,-1,-1,-1,-1,-1
150473,8908,0,2,90,-1,-1,-1,-1,-1,-1,-1,-1
150541,8912,0,2,90,-1,-1,-1,-1,-1,-1,-1,-1
150608,8916,0,2,90,-1,-1,-1,-1,-1,-1,-1,-1
150676,8920,0,0,90,-1,-1,-1,-1,-1,-1,-1,-1
150743,8924,0,2,90,-1,-1,-1,-1,-1,-1,-1,-1
150811,8928,0,2,90,-1,-1,-1,-1,-1,-1,-1,-1
150878,8932,0,2,90,-1,-1,-1,-1,-1,-1,-1,-1
150946,8936,0,0,90,-1,-1,-1,-1,-1,-1,-1,-1
151014,8940,0,2,90,-1,-1,-1,-1,-1,-1,-1,-1
151081,8944,0,2,90,-1,-1,-1,-1,-1,-1,-1,-1
151149,8948,0,2,90,-1,-1,-1,-1,-1,-1,-1,-1
151486,8968,0,0,90,-1,-1,-1,-1,-1,-1,-1,-1
151622,8976,0,0,90,-1,-1,-1,-1,-1,-1,-1,-1
151892,8992,0,0,90,-1,-1,-1,-1,-1,-1,-1,-1
152027,9000,0,0,90,-1,-1,-1,-1,-1,-1,-1,-1
152297,9016,0,0,90,-1,-1,-1,-1,-1,-1,-1,-1
152432,9024,0,0,90,-1,-1,-1,-1,-1,-1,-1,-1
152838,9048,0,2,90,-1,-1,-1,-1,-1,-1,-1,-1
152905,9052,0,2,90,-1,-1,-1,-1,-1,-1,-1,-1
152973,9056,0,2,90,-1,-1,-1,-1,-1,-1,-1,-1
153041,9060,0,0,90,-1,-1,-1,-1,-1,-1,-1,-1
153176,9068,0,2,90,-1,-1,-1,-1,-1,-1,-1,-1
153243,9072,0,2,90,-1,-1,-1,-1,-1,-1,-1,-1
153311,9076,0,2,90,-1,-1,-1,-1,-1,-1,-1,-1
153378,9080,0,0,90,-1,-1,-1,-1,-1,-1,-1,-1
153649,9096,0,0,90,-1,-1,-1,-1,-1,-1,-1,-1
153784,9104,0,0,90,-1,-1,-1,-1,-1,-1,-1,-1
154054,9120,0,0,90,-1,-1,-1,-1,-1,-1,-1,-1
154189,9128,0,0,90,-1,-1,-1,-1,-1,-1,-1,-1
154459,9144,0,0,90,-1,-1,-1,-1,-1,-1,-1,-1
154595,9152,0,0,90,-1,-1,-1,-1,-1,-1,-1,-1
154865,9168,0,0,90,-1,-1,-1,-1,-1,-1,-1,-1
155000,9176,0,0,90,-1,-1,-1,-1,-1,-1,-1,-1
155270,9192,0,0,90,-1,-1,-1,-1,-1,-1,-1,-1
155338,9196,0,2,90,-1,-1,-1,-1,-1,-1,-1,-1
155405,9200,0,2,90,-1,-1,-1,-1,-1,-1,-1,-1
155473,9204,0,2,90,-1,-1,-1,-1,-1,-1,-1,-1
155541,9208,0,2,90,-1,-1,-1,-1,-1,-1,-1,-1
155608,9212,0,2,90,-1,-1,-1,-1,-1,-1,-1,-1
155676,9216,0,2,90,-1,-1,-1,-1,-1,-1,-1,-1
155811,9224,0,0,90,-1,-1,-1,-1,-1,-1,-1,-1
155946,9232,0,0,90,-1,-1,-1,-1,-1,-1,-1,-1
156216,9248,0,0,90,-1,-1,-1,-1,-1,-1,-1,-1
156351,9256,0,0,90,-1,-1,-1,-1,-1,-1,-1,-1
156622,9272,0,0,90,-1,-1,-1,-1,-1,-1,-1,-1
156757,9280,0,0,90,-1,-1,-1,-1,-1,-1,-1,-1
157027,9296,0,2,90,-1,-1,-1,-1,-1,-1,-1,-1
157095,9300,0,2,90,-1,-1,-1,-1,-1,-1,-1,-1
157162,9304,0,2,90,-1,-1,-1,-1,-1,-1,-1,-1
157230,9308,0,0,90,-1,-1,-1,-1,-1,-1,-1,-1
157365,9316,0,2,90,-1,-1,-1,-1,-1,-1,-1,-1
157432,9320,0,2,90,-1,-1,-1,-1,-1,-1,-1,-1
157500,9324,0,2,90,-1,-1,-1,-1,-1,-1,-1,-1
157568,9328,0,0,90,-1,-1,-1,-1,-1,-1,-1,-1
157973,9352,0,0,90,-1,-1,-1,-1,-1,-1,-1,-1
158108,9360,0,0,90,-1,-1,-1,-1,-1,-1,-1,-1
158378,9376,0,0,90,-1,-1,-1,-1,-1,-1,-1,-1
158514,9384,0,0,90,-1,-1,-1,-1,-1,-1,-1,-1
158784,9400,0,0,90,-1,-1,-1,-1,-1,-1,-1,-1
158919,9408,0,0,90,-1,-1,-1,-1,-1,-1,-1,-1
159189,9424,0,0,90,-1,-1,-1,-1,-1,-1,-1,-1
159324,9432,0,0,90,-1,-1,-1,-1,-1,-1,-1,-1
159595,9448,0,0,90,-1,-1,-1,-1,-1,-1,-1,-1
159662,9452,0,2,90,-1,-1,-1,-1,-1,-1,-1,-1
159730,9456,0,2,90,-1,-1,-1,-1,-1,-1,-1,-1
159797,9460,0,2,90,-1,-1,-1,-1,-1,-1,-1,-1
159865,9464,0,2,90,-1,-1,-1,-1,-1,-1,-1,-1
159932,9468,0,2,90,-1,-1,-1,-1,-1,-1,-1,-1
160000,9472,0,2,90,-1,-1,-1,-1,-1,-1,-1,-1
160068,9476,0,2,90,-1,-1,-1,-1,-1,-1,-1,-1
160135,9480,0,2,90,-1,-1,-1,-1,-1,-1,-1,-1
160541,9504,0,0,90,-1,-1,-1,-1,-1,-1,-1,-1
